Subject,x_axis_Num,Age,Time_in_age,Ideation_freq,Time_prior_to_attempt,dpr_2_wk,IST_FreeBlockMean_pCorrs,IST_CostBlockMean_pCorrs,CPTGNG_dprime_All,CPTGNG_commission_errors,CPTGNG_omission_errors,MDQ_k_Final,SSRT_sossrtInt,Q_BHS_Total,Q_BDI_Total,Q_BSS_Total,Q_BIS_Total,Q_UPPS_NegUrgency,Q_UPPS_Premeditation,Q_UPPS_Perseverance,Q_UPPS_SensationSeeking,Q_UPPS_PosUrgency,Q_BHS_Feelings_about_future,Q_BHS_Loss_of_motivation,Q_BHS_Future_Expectations,Q_BIS_1_Attention,Q_BIS_1_Motor,Q_BIS_1_Self_Control,Q_BIS_1_Cognitive_Complexity,Q_BIS_1_Preseverance,Q_BIS_1_Cogntive_Instability,Q_BIS_2_Attentional_Impulsiveness,Q_BIS_2_Motor_Impulsiveness,Q_BIS_2_Nonplanning_Impulsiveness,Q_BHS_Mean_RT,Q_BDI_Mean_RT,Q_BSS_Mean_RT,Q_BIS_Mean_RT,Q_UPPS_Mean_RT,Group,X1.2_Ever_made_a_plan,X2.9.1_Age_FirstTime_Should_Kill,X2.9.2_Years_should_Kill,X2.9.3_Daysfrom_Recent_shouldkill,X2.2_NSSI_Age_FirstTime,X2.2_NSSI_RecentTime,X2.2_NSSI_RecentTimeUnit,X2.3_Gesture_NumTimes,X2.4_Aborted_Num_Times_FINAL,X2.4_Aborted_Age_FirstTime,X2.4_Aborted_First_Age,X2.4_Aborted_FirstTime_to_Interview_TimeUnit,X2.4_Aborted_FirstTime_to_Interview_TimeUnit.1,X2.4_Aborted_Recent_ageFinal,X2.4_DaysFromAborted_Recent_To_InterviewDate,X2.5_Interrupted_NumTimes,X2.5_Interrupted_Age_FirstTime,X2.5_Interrupted_Age_First,X2.5_Age_RecentorSingle,X2.5_DaysFromINT_RecentorSingle,X2.6_Num_AT,X2.6_First_AT_age,X2.6_RecentorSingle_AT_age,X2.6_Daysfrom_RecentorSingle_AT,X2.6_Confirm_suicide_intent,FirstTime_Thoughtof_Method_Age,Research_1_YES_2_NO_3_InPast_4_YES_but_not_on_Method,Attempt_Thought.of.Pain_1_Yes_2_No,X5.9_Obtain_Method_Sure_useforsuicide,X6.5_Need_to_travel,X6.6_Travel_Suicide_Intent,Travelledfor_HowLong_after_suicidal_intent,Travelledfor_HowLong_after_suicidal_intent_Unit,Military_Time,when_decided_time_for_attempt,when_decided_time_for_attempt_Unit,X7.4_PrecipitatingEvent,X8.3_Mulled_for_this_attempt,X8.7_Decision_point,Decision_time,Decision_time_Unit,Dec2Act_Time,Dec2Act_Time_Unit,Decision_Time,Decision_Time_Unit,NumPrep,X11.3_Decide_before_or_after,Reactions_MakeYou,X12.13_Will_it_pass.,X12.14_Can_I_cope,X12.15_How_sure_want_to_die,X12.18_Injuries,X12.18_Injuries_LethalityScale,SIS_1_AnyoneNearby,SIS_2_HowLikelyDiscovery,SIS_3_AvoidDiscovery,SIS_4_ContactHelper,SIS_5_Preparations,SIS_6_Planning,SIS_7_WriteAnything,SIS_8_WhoDidYouTell,SIS_9_Why,SIS_10_ThinkDie,SIS_11_ConfidenceDeath,SIS_12_HowSerious,SIS_13_HowCertainWantDie,SIS_14_CouldDoctorHelp,SIS_15_HowMuchPlan,SIS_16_HowFeel,SIS_17_WhatHappensPostDeath,SIS_18_HowManyAttempts,SIS_C19_Alcohol,SIS_C20_Drugs,lifetimeSI_onset,lifetimeSI_duration,lifetimeSI_range,lifetimeSI_mean,lifetimeSI_sd,thoughts_score,thoughts_amt,thoughts_want,thoughts_not_want,ThoughtsStart_Seconds,MullingStarts_Seconds,Decision_Seconds,FirstMethod_Seconds,SureMethod_Seconds,FirstPlace_Seconds,SurePlace_Seconds,Mull_bin,ThoughtsStart_bin,Decision_bin,FstMethod_bin,FstPlace_bin,SureMethod_bin,SurePlace_bin,researched,obtainedMethod,drank_before_after,NumPrep_Total,TotalPthwy_Max,Pthwy_mean,TotalpthwyMean,think_mull_decide,first_sure_method,first_sure_place,decide_method_place,all_bins,group,gender,whether_planned_f,whether_mulled_f,dpr_f,suicide_intent_f,sis_1,sis_2,sis_3,sis_7,sis_8,sis_15,pthwy_thoughts_amt,pthwy_thoughts_push,pthwy_thoughts_pull,pthwy_thoughts_counbal,perceived_lethality,nssi_duration,nssi_onset,nssi_times,nssi_freq,aborted_onset,aborted_duration,aborted_freq,realize_not_dead,first_int_age,first_action_age,ideation_onset,at_duration,FirstID_to_FirstAction
1,1,18,16,2,2,NA,0.55,0.54544,2.7579,24,9,0.0097601,257.46,18,19,16,65,22,22,30,29,23,5,7,5,13,10,11,16,8,7,20,18,27,3.9905,12.274,10.29,2.5184,4.0846,INT,1,13,5,NA,14,3,days,,2,17,17,1,years,18,94,1,few days ago,18,18,3,NA,NA,NA,NA,NA,18,2,2,2,2,NA,,,2000,20,seconds,"go to jail, be homeless",2,1,10,seconds,0,seconds,,,0,,NA,a year or two ago,marijuana,NA,,NA,0,0,0,2,0,0,0,0,2,2,2,2,2,1,0,1,1,2,0,0,16,2,8,6,3.1622776601683795,-6,9,4,4,172800,NA,10,345600,NA,NA,NA,NA,11,1,12,NA,NA,NA,0,0,0,0,NA,8,8,NA,NA,NA,NA,NA,ab/int,M,1,2,NA,NA,0,0,0,0,0,13,72,32,32,-48,NA,4,14,NA,NA,17,1,2,NA,18,17,13,NA,4
2,1,18,16,3,2,1,0.94236,0.71259,2.5001,10,45,0.0084385,113.12,15,38,20,59,29,22,21,38,35,5,3,5,12,10,9,12,9,7,19,19,21,6.8698,9.1261,9.7265,4.1969,5.6955,AT,1,17,1,7,16.5,6,days,2,1,17.5,17.5,0.5,years,NA,NA,,,NA,NA,NA,1,18,18,14,1,16,1,1,NA,2,NA,,,2200,0,,,2,1,10,minutes,,,,,0,1,NA,"effort, motivation, willingness, ability",,3.5,"threw up - throughout night
felt high - headache in morning",2.5,0,0,0,2,0,0,0,0,2,2,2,2,2,1,0,1,1,2,0,0,16,2,6.5,6.5,2.857738033247041,5,14,8,3,600,0,600,612,600,600,600,1,3,3,3,3,3,3,1,NA,1,2,3,2.7142857142857144,6.214285714285714,7,6,6,9,19,at,F,1,2,1,1,0,0,0,0,0,13,87,49.714285714285715,18.642857142857142,31.071428571428573,3,1.5,16.5,37.5,25,17.5,NA,NA,4,NA,17.5,17,0,0.5
4,1,18,17.25,10,1,2,1,0.76193,2.8973,23,6,0.041431,136.38,8,25,20,80,39,36,23,46,38,1,2,3,15,21,17,11,7,9,24,28,28,4.0818,5.008,4.9495,2.6414,2.4244,AT,1,17,1,7,12,14,days,,1,17,17,1,years,NA,NA,1,,NA,NA,NA,1,18,18,7,1,18,2,1,NA,2,NA,,,2300,1,hours,if it's bad enough,1,1,30,minutes,45,minutes,,,0,1,1,try to remind self it will pass,"did not have way to turn it down
medication not
(mded?) back to IL
someone near but not usual support",4,"5 stitches
cut to wrist
both woozy
blood loss & alcohol panicy(?)",3,2,1,1,1,0,0,0,0,2,2,2,2,2,0,0,NA,NA,1,1,0,17.25,1,9,7.2,3.8340579025361627,7,16,11,2,124416000,604800,1800,15552000,3600,3600,1800,12,1,4,15,5,5,4,0,NA,1,1,15,6.571428571428571,15.071428571428571,17,20,9,13,46,at,F,1,1,2,1,0,0,0,4,4,15,241.14285714285714,165.78571428571428,30.142857142857142,105.5,4,6,12,37.5,6.25,17,NA,NA,4,NA,17,17,0,0
5,1,33,33.08,10,0.25,1,0.96016,0.76522,3.2808,6,18,0.0033681,1169,18,29,0,85,32,11,24,12,31,4,7,5,16,15,14,17,12,11,27,27,31,5.3142,6.8454,31.583,4.1863,4.327,AB,1,33,0,6,15.5,7,days,,2.5,All within last week,33,7,days,NA,NA,,,NA,NA,NA,NA,NA,NA,NA,NA,33,2,1,NA,NA,NA,,,NA,,,,1,1,15,hours,10,hours,,,NA,,4,worse,,4.5,None,1,2,1,2,2,1,0,0,0,2,1,2,0,1,1,1,1,NA,0,NA,NA,33.08,0.25,2,9.333333333333334,1.1547005383792515,-7,13,6,6,2592000,475200,54000,86400,NA,NA,NA,12,14,10,10,NA,NA,NA,0,NA,0,0,NA,11.5,11.5,36,NA,NA,NA,NA,ab/int,F,1,1,1,NA,1,1,1,6,6,16,149.5,69,69,-80.5,4,17.5,15.5,NA,NA,33,NA,NA,NA,NA,33,33,NA,0
6,1,23,11,5,12,2,0.94189,0.70652,1.5128,28,90,0.0072191,154.44,16,25,21,72,35,32,31,31,25,5,5,5,11,13,17,14,9,7,18,22,31,3.6553,6.5478,8.1,3.0913,3.4208,AB,1,12,11,NA,13,1,years,,3,12,12,11,years,23,NA,1,12,12,NA,NA,NA,NA,NA,NA,NA,19,1,1,NA,2,NA,,,2400,,,Yes - if bf leaves but it happened,1,2,NaN,,,,,,0,,2,No,,NA,none,1,1,NA,0,2,0,0,0,0,2,2,2,NA,NA,NA,NA,NA,NA,NA,NA,NA,11,12,3,7.208333333333333,1.195794398056891,-13,14,0,11,600,600,NaN,600.12,NA,10,NA,3,3,NA,3,1,NA,NA,1,NA,0,1,NA,2.5,3.5,NA,NA,NA,NA,NA,ab/int,F,1,1,2,NA,NA,NA,NA,NA,NA,NA,49,0,38.5,-45.5,NA,10,13,NA,NA,12,11,0.2727272727272727,NA,12,12,12,NA,0
7,1,20,13,4,7,NA,1,0.69622,2.6818,36,3,0.044083,249.11,10,46,29,60,30,21,13,35,24,3,2,4,13,14,10,9,6,8,21,20,19,2.8432,5.8617,5.6558,2.1483,2.9682,AB,1,13,7,NA,15,3,days,,2,17,17,3,years,19,200,,,NA,NA,NA,NA,NA,NA,NA,NA,NA,NA,,NA,NA,NA,,,NA,,,,1,1,10,minutes,30,seconds,,,NA,,2,,,NA,,NA,NA,NA,NA,NA,NA,NA,NA,NA,NA,NA,NA,NA,NA,NA,NA,NA,NA,NA,NA,NA,13,7,6,7.625,1.9226098333849673,-11,17,2,13,28512000,1800,600,NA,NA,NA,NA,4,16,3,NA,NA,NA,NA,NA,NA,0,0,NA,7.666666666666667,7.666666666666667,23,NA,NA,NA,NA,ab/int,F,1,1,NA,NA,NA,NA,NA,NA,NA,NA,130.33333333333334,15.333333333333334,99.66666666666667,-84.33333333333334,NA,5,15,NA,NA,17,2,1,NA,NA,17,13,NA,4
9,1,30,5,7,25,1,0.96362,0.72051,3.3419,13,4,0.0072191,247.46,19,48,27,81,42,27,26,21,20,4,8,5,14,17,17,17,11,5,19,28,34,3.5496,7.9787,7.734,2.9209,3.5451,AT,1,5,25,2,12,2,days,1,1.5,Mid 20s,25,5,years,25,NA,,,NA,NA,NA,2.5,5,30,2,1,15,3,,NA,2,NA,,,1830,0,,,2,1,5,minutes,1,minutes,,,0,2,NA,Yeah-very long time,"Yeah, felt like I couldn' t(?)
Very hard to get over
long time not ready to date for",4,Cut on wrists no stitches stomach messed up felt sick -> wanted to puke,2,1,0,0,2,0,0,0,0,2,2,1,2,2,0,0,0,1,1,1,1,5,25,7,5.818181818181818,2.482667187449088,-7,9,5,5,62208000,0,300,299.88,473040000,300,300,1,1,2,2,2,17,2,1,NA,0,1,17,3.857142857142857,13.357142857142858,4,19,4,21,27,at,F,1,2,1,1,0,0,0,1,1,12,120.21428571428572,66.78571428571429,66.78571428571429,-93.5,4,18,12,62.5,3.4722222222222223,25,0,NA,3,NA,5,5,25,0
10,1,22,15,4,7,1,1,0.60319,2.2814,33,14,0.0077753,262.72,20,44,32,73,36,20,27,45,27,5,8,5,11,14,18,14,8,8,19,22,32,3.0908,5.6305,6.5172,2.3024,2.7666,AT,1,15,7,2,15,210,days,,3.5,19,19,3,years,22,NA,2,,NA,NA,NA,2,19,22,2,1,14.5,4,1,1,1,1,140,minutes,100,0,,,1,1,120,minutes,120,minutes,,,0,2,2,,,5,"throwing up
put charcoal in stomach
pump out stomach
high blood pressure
slept for day
2-3 min after taking them called friend
called someone right after took them          felt anxious
they called Mom
Mom called EMT
Puking
passed out for day",4,1,2,0,0,0,1,0,0,2,2,2,2,2,1,1,1,1,1,1,0,15,7,3,6,1.1952286093343936,0,7,2,2,10368000,1209600,7200,7200,7200,7200,7200,13,15,6,6,6,6,6,1,1,0,2,15,8.285714285714286,17.785714285714285,34,12,12,18,58,at,M,1,1,1,1,1,2,2,3,3,16,124.5,35.57142857142857,35.57142857142857,0,5,7,15,7.5,1.0714285714285714,19,3,1.1666666666666667,2,NA,19,15,3,4
11,1,21,16,8,5,1,0.99922,0.76741,2.9567,13,13,0.0058597,316.42,14,49,17,60,37,19,27,32,38,4,4,4,10,11,12,12,9,6,16,20,24,4.3438,7.2121,11.587,4.4474,7.1347,AB,1,16,5,3,NA,NA,,,2,21 - 2 weekends in a row before admission,21,13,days,21,NA,,,NA,NA,NA,NA,NA,NA,NA,NA,16,1,1,NA,2,NA,,,1800,,,,1,2,NaN,,,,,,0,,2,,,5,,NA,1,0,0,2,0,1,0,0,2,1,1,NA,2,NA,1,NA,1,0,0,0,16,5,6,6.75,2.564176280991617,-5,14,7,8,2116800,14400,NaN,259200,259200,259200,259200,8,14,NA,11,11,11,11,1,NA,0,1,NA,11,12,NA,22,22,NA,NA,ab/int,F,1,1,1,NA,1,2,2,1,1,NA,168,84,96,-60,3,NA,NA,NA,NA,21,0,NA,3,NA,21,16,NA,5
12,1,27,9,5,18,1,0.6712,0.65039,4.2678,11,0,0.0038398,232.1,10,47,10,77,27,24,22,37,23,2,1,5,16,15,18,14,7,7,23,22,32,6.5294,6.6776,15.036,3.1537,4.6901,AT,1,9,18,4,9,2,years,,10,13,13,14,years,27,NA,,,NA,NA,NA,5,16,27,4,1,16,2,2,NA,2,NA,,,200,,,,1,1,0.833,minutes,5/60,minutes,,,0,2,NA,"not in hour
sober-does",-> not drink,5,"a lot vomiting -> convulsing
temp - kidney problem after long-term kidney",4,1,0,0,2,0,0,0,0,2,2,2,2,2,NA,0,2,NA,2,2,0,9,18,8,5.428571428571429,2.9358214555806383,-6,17,14,10,3600,3600,49.98,3600,5,3600,5,5,5,1,5,5,1,1,0,NA,0,0,5,3.2857142857142856,5.785714285714286,11,6,6,3,23,at,F,1,1,1,1,0,0,0,1,1,NA,98.35714285714286,81,57.857142857142854,-34.714285714285715,4,18,9,7.5,0.4166666666666667,13,14,0.7142857142857143,3,NA,13,9,11,4
13,1,19,19.25,2.5,0.5,2,0.78757,0.69622,3.3209,7,12,0.008351,927.17,13,44,28,68,30,18,15,27,26,2,7,4,14,18,13,6,7,9,23,25,19,3.3607,5.1567,7.2755,2.751,3.4734,AT,1,14,5,61,17,0,years,,5,18,18,1,years,19,NA,1,,NA,19,214,3.5,19,19,7,1,19,1,,NA,2,NA,,,1645,0,,,2,1,1,minutes,,,,,2,,NA,"long time
     -> get back together
     -> in-person break-up",(attak nature o funeral ?),5,"Shaky - dexterity, spill
Cleaned out poison
hard time standing or sitting up
4-5 days in hospital",4,1,2,0,2,0,1,1,1,2,2,0,2,2,0,0,2,2,1,0,0,19.25,0.5,9,4.5,3.0413812651491097,0,5,0,0,14400,0,60,60,60,60,60,1,8,1,1,1,1,1,1,NA,0,3,8,2,9,10,2,2,3,14,at,F,1,2,2,1,0,1,2,3,4,16,45,0,0,0,2,2,17,2.5,1.25,18,1,5,5,19,18,14,0,4
14,1,18,12,7,6,2,0.84973,0.73524,2.3016,25,25,0.18998,304,3,13,6,85,39,31,24,44,25,1,0,1,17,21,19,15,9,4,21,30,34,4.9714,7.7157,13.022,5.1811,6.6716,AT,1,12,6,8,12,NA,,,1.5,6th grade,11,7,years,16.5,NA,,,NA,NA,NA,1,18,18,8,1,12,2,,NA,2,NA,,,1800,,,,2,1,1,minutes,,,,,0,,NA,,,5,"coma- 24 hours, unconscious in ICU",4.5,1,0,0,2,0,0,0,0,NA,NA,NA,2,NA,NA,0,0,NA,1,0,0,12,6,7,1.125,2.4748737341529163,0,NA,0,0,60,0,60,60.012,60,60,60,1,1,1,2,1,1,1,0,NA,0,0,2,1.1428571428571428,2.142857142857143,3,3,2,3,8,at,M,1,2,2,1,0,0,0,1,1,NA,NA,0,0,0,5,6,12,1,0.16666666666666666,11,5.5,0.2727272727272727,1,NA,11,12,0,-1
15,1,30,19,6,11,1,0.77539,0.74292,4.6923,3,1,0.24899,694.82,20,41,26,73,40,27,24,37,38,5,8,5,12,12,16,14,10,8,20,22,30,4.7982,7.9835,12.793,4.6885,5.3326,AT,1,19,11,5,15,2,days,,18,19,19,11,years,30,NA,5-10,,NA,NA,NA,3.5,19,30,5,1,19,1,1,1,1,1,7,minutes,1700,48,hours,,1,1,3060,minutes,50 * 60 = 3000,minutes,26,hours,7,,NA,,this was different in every way,5,"IV in hospital, threw up blood, kidney issues",4,2,2,2,2,2,2,2,0,1,2,2,2,2,0,2,2,0,2,0,0,19,11,10,4.166666666666667,4.070217029430577,-3,13,4,0,6480000,1.5,183600,129600,129600,31104000,129600,1,15,11,11,16,11,11,1,1,0,9,16,10.857142857142858,27.857142857142858,27,22,27,33,76,at,M,1,1,1,1,2,4,6,8,8,25,362.14285714285717,111.42857142857143,0,-83.57142857142857,4,15,15,7.5,0.5,19,11,1.6363636363636365,5,NA,19,19,11,0
16,1,33,18,10,15,NA,NA,NA,NA,NA,NA,NA,NA,NA,NA,NA,NA,NA,NA,NA,NA,NA,NA,NA,NA,NA,NA,NA,NA,NA,NA,NA,NA,NA,NA,NA,NA,NA,NA,AB,NA,NA,NA,NA,NA,NA,,,NA,,NA,NA,,NA,NA,,,NA,NA,NA,NA,NA,NA,NA,NA,NA,NA,,NA,NA,NA,,,NA,,,,NA,NA,NA,,,,,,NA,,NA,,,NA,,NA,NA,NA,NA,NA,NA,NA,NA,NA,NA,NA,NA,NA,NA,NA,NA,NA,NA,NA,NA,NA,18,15,4,8.5,1.51657508881031,-7,10,0,7,NA,NA,NA,NA,NA,NA,NA,NA,NA,NA,NA,NA,NA,NA,NA,NA,0,0,NA,NaN,NaN,NA,NA,NA,NA,NA,NA,M,NA,NA,NA,NA,NA,NA,NA,NA,NA,NA,NaN,NaN,NaN,NaN,NA,NA,NA,NA,NA,NA,NA,NA,NA,NA,NA,NA,NA,NA
19,1,21,21.02,2,1.4,2,1,0.72622,2.5984,9,44,0.035455,204.99,10,20,15,50,26,16,13,31,14,2,4,4,7,14,7,8,7,6,13,21,15,3.9229,7.7002,7.8479,3.2566,3.8264,AB,1,20,1,7,NA,NA,,,2,21 both times,21,0,years,21,NA,1,,NA,NA,NA,NA,NA,NA,NA,NA,21,1,1,NA,1,NA,,,300,,,,1,1,2,weeks,,,,,3,,2,No,,4,no physical harm,1,NA,NA,NA,NA,NA,NA,NA,NA,NA,NA,NA,NA,NA,NA,NA,NA,NA,NA,NA,NA,21.02,1.4,7,5.75,2.9860788111948193,-11,22,5,16,6480000,1209600,1209600,1209600,1209600,302400,302400,13,15,13,13,12,13,12,1,NA,0,4,15,13,24.5,41,26,24,38,91,ab/int,F,1,1,2,NA,NA,NA,NA,NA,NA,NA,539,122.5,392,-269.5,4,NA,NA,NA,NA,21,0,NA,3,NA,21,20,NA,1
21,1,25,14,8,11,1,0.87845,0.69717,2.0735,14,99,9.1613e-4,416.65,17,48,0,85,40,25,27,41,51,5,5,5,14,24,12,15,7,12,26,31,27,5.8953,27.103,40.026,2.3901,6.5618,AB,2,14,11,NA,12.5,5,days,1,3.5,13 or 14,13.5,11.5,years,21,NA,,,NA,NA,NA,NA,NA,NA,NA,NA,14,1,2,NA,2,NA,,,NA,,,,2,1,5,seconds,,,,,0,,NA,,,NA,skin abrasive,1,NA,NA,NA,NA,NA,NA,NA,NA,NA,NA,NA,NA,NA,NA,NA,NA,NA,NA,NA,NA,14,11,9,5,3.7416573867739413,-4,NA,NA,4,15,NA,5,15,15,15,NA,NA,1,1,1,1,1,NA,1,NA,0,1,NA,1,2,NA,2,NA,NA,NA,ab/int,F,2,2,1,NA,NA,NA,NA,NA,NA,NA,NA,NA,8,-8,NA,12.5,12.5,NA,NA,13.5,7.5,0.4666666666666667,4,NA,13.5,14,NA,-0.5
22,1,27,24.17,1,0.25,1,0.98125,0.84349,2.1937,21,45,0.0060195,183.24,14,48,10,62,40,15,19,26,26,4,4,4,10,12,14,12,9,5,15,21,26,5.2833,12.775,10.498,5.4627,6.3196,AB,2,27,0,NA,13,12,years,,2,14,14,13,years,27,NA,,,NA,NA,NA,NA,NA,NA,NA,NA,NA,1,?,NA,NA,NA,,,1200,,,,1,2,NaN,,,,,,1,,2,Never,,NA,,NA,NA,NA,NA,NA,NA,NA,NA,NA,NA,NA,NA,NA,NA,NA,NA,NA,NA,NA,NA,NA,24.17,0.25,7,5,3.559026084010437,-16,18,4,16,2592000,1209600,NaN,2419200,NA,NA,NA,13,14,NA,14,NA,NA,NA,1,NA,0,2,NA,13.666666666666666,15.666666666666666,NA,NA,NA,NA,NA,ab/int,F,2,1,1,NA,NA,NA,NA,NA,NA,NA,282,62.666666666666664,250.66666666666666,-250.66666666666666,NA,14,13,NA,NA,14,13,0.15384615384615385,NA,NA,14,27,NA,-13
24,1,25,20,2,5,1,0.73326,0.71618,2.387,32,10,0.003841,240.28,20,35,16,53,21,15,22,37,15,5,8,5,9,9,10,8,9,8,17,18,18,3.1758,5.2638,7.3267,2.2366,2.7996,AB,1,20,5,8,21,1,years,,2.5,24,24,1,years,25,NA,,,NA,NA,NA,NA,NA,NA,NA,NA,23,1,,NA,NA,NA,,,NA,,,,1,2,NaN,,,,,,1,,2,no -> not possible,,NA,,NA,NA,NA,NA,NA,NA,NA,NA,NA,NA,NA,NA,NA,NA,NA,NA,NA,NA,NA,NA,NA,20,5,6,5.5,2.345207879911715,-5,13,6,5,47304000,2592000,NaN,604800,604800,NA,NA,14,1,NA,12,NA,12,NA,1,NA,0,2,NA,9.75,11.75,NA,24,NA,NA,NA,ab/int,F,1,1,1,NA,NA,NA,NA,NA,NA,NA,152.75,70.5,58.75,-58.75,NA,4,21,NA,NA,24,1,2.5,NA,NA,24,20,NA,4
25,1,27,18,7,9,NA,0.90705,0.66619,2.3079,4,173,0.047717,159.76,16,39,12,94,37,27,32,22,51,4,6,4,12,23,20,16,12,11,23,35,36,3.9851,6.7329,11.073,3.0075,4.2333,AB,1,18,9,1,26,NA,,,2,26,26,1,years,27,NA,,,NA,NA,NA,NA,NA,NA,NA,NA,26,1,,NA,NA,NA,,,NA,,,,1,2,NaN,,,,,,1,2,2,,NO,NA,,NA,NA,NA,NA,NA,NA,NA,NA,NA,NA,NA,NA,NA,NA,NA,NA,NA,NA,NA,NA,NA,18,9,6,6.666666666666667,2.804757862395017,-8.5,17.5,12,10,172800,172800,NaN,172800,NA,NA,NA,11,11,NA,11,NA,NA,NA,1,NA,0,2,NA,11,13,NA,NA,NA,NA,NA,ab/int,F,1,1,NA,NA,NA,NA,NA,NA,NA,NA,227.5,156,130,-110.5,NA,1,26,NA,NA,26,1,2,NA,NA,26,18,NA,8
27,1,19,12,2,7,2,0.82254,0.68455,2.5725,30,5,5.3292e-4,295.93,7,19,0,81,48,35,18,38,40,1,2,3,15,22,20,12,5,7,22,27,32,3.1789,5.4182,3.6539,3.114,3.1769,AT,1,12,7,NA,14,0,years,1,0,,NA,NA,,NA,NA,,,NA,NA,NA,1,19,19,5,2,16,1,,NA,1,1,5,minutes,1100,,,,2,1,0.0167,minutes,"1,3",minutes,,,1,2,2.5,No,no,3,no stiches -> small cut,2,2,1,0,1,0,0,0,1,1,1.5,1.5,1,1,1,0,0.5,NA,1,0.5,0,12,7,8,6.2,2.8635642126552705,-2,10,7,4,900,0,1.002,60,60,180,180,1,3,1,1,2,1,2,1,NA,0,2,3,1.5714285714285714,5.071428571428571,5,2,4,4,11,at,F,1,2,2,2,0,0,0,3,4,12,50.71428571428571,35.5,20.285714285714285,-10.142857142857142,2,5,14,7.5,1.5,NA,NA,NA,3,NA,NA,12,0,NA
28,1,21,16,4,5,1,0.96055,0.72901,2.2684,9,111,0.010222,281.6,5,27,0,85,43,30,27,31,22,0,2,3,18,21,16,14,7,9,27,28,30,4.4492,12.558,23.666,3.8866,5.4643,AT,1,16.5,4.5,4,14,7,years,,1,21,21,0,years,NA,NA,,,NA,NA,NA,2,17.5,21,6,1,15.5,2,1,1,2,NA,,,1100,,,,1,1,1,minutes,,,,,2,,4,NO,,5,"sleep walking, no physical ramifications, slept for a long",1.5,2,2,0,2,1,1,2,1,2,2,2,2,2,0,2,1,1,1,0,0,16,5,10,5.833333333333333,4.400757510550504,-1,10,5,2,15552000,2592000,60,2592000,604800,2592000,1,14,15,1,14,14,12,1,0,1,0,3,15,10.142857142857142,20.642857142857142,30,26,15,14,71,at,F,1,1,1,1,2,3,5,5,6,23,206.42857142857142,103.21428571428571,41.285714285714285,-20.642857142857142,4,7,14,2.5,0.35714285714285715,21,NA,NA,5,NA,17.5,16.5,3.5,1
29,1,34,10,5,24.82,2,0.96562,0.90237,2.7562,33,2,NA,267.46,9,26,12,53,19,18,20,43,19,3,1,3,9,13,9,9,8,5,14,21,18,3.7127,8.0645,8.3511,2.5381,4.0281,AB,1,10,24,NA,NA,NA,,,2,12,12,22,years,30.5,NA,,,NA,NA,NA,NA,NA,NA,NA,NA,NA,2,,NA,2,NA,,,NA,,,,1,1,5,minutes,,,,,0,2,2,a little,"fuck it -> go to bed
ok to sleep b/c of drinking",NA,,NA,NA,NA,NA,NA,NA,NA,NA,NA,NA,NA,NA,NA,NA,NA,NA,NA,NA,NA,NA,NA,10,24.82,5,3.683333333333333,1.5839153635178487,-10,21,8,15,15552000,5400,300,900,NA,450,NA,6,15,2,3,3,NA,NA,0,NA,0,0,NA,5.8,5.8,23,NA,NA,NA,NA,ab/int,M,1,1,2,NA,NA,NA,NA,NA,NA,NA,121.8,46.4,87,-58,NA,NA,NA,NA,NA,12,18.5,0.10810810810810811,NA,NA,12,10,NA,2
30,1,20,17,2,3,1,1,0.70887,3.2389,30,2,0.0031203,171.42,8,21,0,50,25,12,18,32,16,3,2,3,9,11,10,8,7,5,14,18,18,6.462,4.5952,6.0299,2.4465,3.6525,AB,1,17,3,5,12,21,days,,1,Past weekend-20,20,5,days,NA,NA,,,NA,NA,NA,NA,NA,NA,NA,NA,20,1,?,2,2,NA,,,NA,,,,1,2,NaN,,,,,,0,,3,however long too long,not able to cope,NA,,NA,NA,NA,NA,NA,NA,NA,NA,NA,NA,NA,NA,NA,NA,NA,NA,NA,NA,NA,NA,NA,17,3,4.4,4.35,1.8502252115170559,-6,14,8,6,31536000,2419200,NaN,2419200,2419200,NA,2419200,14,16,NA,14,NA,14,14,1,0,0,1,NA,14.4,15.4,NA,28,NA,NA,NA,ab/int,M,1,1,1,NA,NA,NA,NA,NA,NA,NA,215.6,123.2,92.4,-92.4,NA,8,12,NA,NA,20,NA,NA,NA,NA,20,17,NA,3
31,1,18,13,3,5,2,0.99844,0.56154,2.8734,13,13,0.040819,190,7,41,24,85,48,36,30,45,52,3,2,2,14,23,18,13,6,10,24,29,31,4.7406,8.4428,10.549,3.7707,4.3949,AB,1,12.5,6,2,14,4,years,,3.5,14,14,4,years,18,2,1,two days ago,18,NA,NA,NA,NA,NA,NA,NA,16,2,1,2,2,NA,,,2300,,,,1,1,3,hours,,,,,2,,3,last forever,can't cope forever,5,,NA,NA,NA,NA,NA,NA,NA,NA,NA,NA,NA,NA,NA,NA,NA,NA,NA,NA,NA,NA,NA,13,5,7,7.666666666666667,2.422120283277993,-7,11,4,7,172800,172800,10800,144000,86400,NA,86400,11,11,7,11,NA,10,10,0,0,0,2,NA,10,12,29,21,NA,27,NA,ab/int,F,1,1,2,NA,NA,NA,NA,NA,NA,NA,132,48,84,-84,4,4,14,NA,NA,14,4,0.875,3,18,14,12.5,NA,1.5
33,1,38,34,2,4,2,0.9998,0.7174,2.3918,13,48,0.018248,197.15,14,34,0,61,37,23,23,34,28,4,5,5,11,14,11,12,7,6,17,21,23,4.4351,7.1945,8.1827,3.8564,4.6576,AT,1,34.5,3.5,7,NA,NA,,,0,,NA,NA,,NA,NA,,,NA,NA,NA,1,38,38,7,1,38,1,?,1,1,1,60,minutes,2315,8,hours,,2,1,660,minutes,645,minutes,,,1,,2,NO,,5,"hallucinating
muscle tightened
weird thoughts
losing grasp on reality
oxygen at hospital
couple hours felt fine",4,2,2,2,0,0,2,2,0,2,2,2,2,2,1,2,0,0,1,0,0,34,4,8,3.6,3.5777087639996634,-12,15,0,12,39600,0,39600,5184000,5184000,28800,28800,1,9,9,15,9,15,9,1,1,0,3,15,9.571428571428571,20.07142857142857,19,30,18,33,67,at,M,1,2,2,1,2,4,6,6,6,23,301.07142857142856,0,240.85714285714283,-240.85714285714283,4,NA,NA,NA,NA,NA,NA,NA,1,NA,NA,34.5,0,NA
37,1,23,13,7,10,1,0.99687,0.72686,2.5561,18,16,0.0012642,169.71,17,38,17,66,25,23,20,30,28,4,7,5,10,16,9,10,10,10,20,26,19,2.923,5.5606,7.4835,2.3097,3.2701,AB,1,12.5,10.5,NA,13,3,days,13-17,2.5,14 (15),14.5,8.5,years,23,1,,,NA,NA,NA,NA,NA,NA,NA,NA,23,1,,NA,2,NA,,,1000,,,,2,1,2,seconds,,,,,0,,2,infinite,,NA,,NA,NA,NA,NA,NA,NA,NA,NA,NA,NA,NA,NA,NA,NA,NA,NA,NA,NA,NA,NA,NA,13,10,7,6.416666666666667,2.76435646519523,-15,NA,9,13,15552000,NA,2,900,NA,NA,NA,NA,15,1,3,NA,NA,NA,1,NA,0,1,NA,6.333333333333333,7.333333333333333,NA,NA,NA,NA,NA,ab/int,F,1,2,1,NA,NA,NA,NA,NA,NA,NA,NA,66,95.33333333333333,-110,NA,10,13,NA,NA,14.5,8.5,0.29411764705882354,NA,NA,14.5,12.5,NA,2
38,1,20,10,7,10,1,1,0.69582,2.6399,21,10,0.0056918,243,19,44,23,80,37,35,29,31,30,5,8,4,18,14,20,15,7,6,24,21,35,3.4855,7.4185,6.5665,2.9775,4.0608,AB,1,10,10,7,NA,NA,,3 (see Alex edits),3,10,10,10,years,20,9,2,,NA,20,18,NA,NA,NA,NA,NA,15,2,,NA,2,NA,,,100,7,hours,,2,2,NaN,,,,,,1,,NA,No,,NA,not thinking about whether it would work,NA,NA,NA,NA,NA,NA,NA,NA,NA,NA,NA,NA,NA,NA,NA,NA,NA,NA,NA,NA,NA,10,10,6,5.409090909090909,2.1773628753400502,-5,9,5,5,39420000,NA,NaN,25200,25200,25200,NA,NA,1,NA,9,9,9,NA,0,NA,0,1,NA,7,8,NA,18,NA,NA,NA,ab/int,F,1,2,1,NA,NA,NA,NA,NA,NA,NA,72,40,40,-40,NA,NA,NA,NA,NA,10,10,0.3,NA,20,10,10,NA,0
39,1,21,18.42,1,2.78,1,0.90482,0.6868,3.0393,17,8,0.0068512,274.56,17,43,23,83,42,24,30,46,50,5,7,5,14,17,19,14,10,9,23,27,33,3.4193,6.8841,9.2933,3.2542,2.7916,AB,2,19,2,NA,NA,NA,,,2.5,Last year,20,1,years,21,45,,,NA,NA,NA,NA,NA,NA,NA,NA,21,1,,NA,2,NA,,,NA,,,,1,2,NaN,,,,,,1,,4,forever,,NA,,NA,NA,NA,NA,NA,NA,NA,NA,NA,NA,NA,NA,NA,NA,NA,NA,NA,NA,NA,NA,NA,18.42,2.78,8,4.428571428571429,2.9920529661723827,-10,19,12,8,63072000,172800,NaN,2419200,NA,2592000,NA,11,1,NA,14,14,NA,NA,1,NA,0,2,NA,10,12,NA,NA,NA,NA,NA,ab/int,M,2,1,1,NA,NA,NA,NA,NA,NA,NA,228,144,96,-120,NA,NA,NA,NA,NA,20,1,2.5,NA,NA,20,19,NA,1
41,1,19,17,0,2.5,1,0.9833,0.54765,1.9222,10,7,0.002987,326.32,11,48,12,80,37,25,36,16,34,2,4,4,16,16,19,12,7,10,26,23,31,3.2731,5.5364,7.4604,2.4843,5.3705,AT,2,18,1,2,NA,NA,,,1,Sat night,19,3,days,NA,NA,,,NA,NA,NA,1,19,19,3,1,19,1,1,NA,2,NA,,,100,0,,,2,1,3,minutes,1,minutes,,,0,,2,No -> wanted immediate relief,,4,,1,1,2,0,0,0,0,0,0,2,1,1,2,2,0,0,2,2,1,0,0,17,2.5,8,2.3333333333333335,3.2041639575194445,-10,18,8,8,2592000,0,180,2592000,10,2592000,10,1,14,2,14,14,1,1,1,NA,0,1,14,6.714285714285714,14.714285714285715,17,15,15,4,47,at,F,2,2,1,1,0,0,0,3,3,11,264.8571428571429,117.71428571428572,117.71428571428572,-147.14285714285717,4,NA,NA,NA,NA,19,NA,NA,2,NA,19,18,0,1
42,1,22,15,7,7,2,0.83652,0.69611,3.2163,17,4,0.058771,389.53,0,6,0,41,20,11,14,33,20,0,0,0,5,11,10,6,4,5,10,15,16,2.5695,5.7328,6.9124,2.6288,3.537,AB,1,15,7,3,NA,NA,,,1,15,15,7,years,NA,NA,,,NA,NA,NA,NA,NA,NA,NA,NA,22,NA,,NA,NA,NA,,,NA,,,,NA,NA,NA,,,,,,0,,3, -> in the moment just too emotional,,NA,,NA,NA,NA,NA,NA,NA,NA,NA,NA,NA,NA,NA,NA,NA,NA,NA,NA,NA,NA,NA,NA,15,7,7,2,2.9154759474226504,-14,17,4,9,NA,NA,NA,NA,NA,NA,NA,NA,NA,NA,NA,NA,NA,NA,NA,NA,0,0,NA,NaN,NaN,NA,NA,NA,NA,NA,ab/int,M,1,NA,2,NA,NA,NA,NA,NA,NA,NA,NaN,NaN,NaN,NaN,NA,NA,NA,NA,NA,15,NA,NA,NA,NA,15,15,NA,0
43,1,46,NA,NA,NA,1,1,0.71032,2.0769,8,138,0.0028564,195.42,12,42,0,71,23,24,32,20,19,3,3,4,14,12,14,15,9,7,21,21,29,4.2645,6.5494,6.151,3.9542,4.9709,AT,2,34.5,11.5,NA,NA,NA,,,0,,NA,NA,,NA,NA,,,NA,NA,NA,2,41,46,8,2,41,2,,NA,2,NA,,,1800,0,,,2,1,1,minutes,,,,,1,2,NA,depression -> didn't notice or see it coming,,3,"intubate-
charcoal-",3,2,2,0,2,0,0,0,0,NA,NA,0,0,NA,NA,0,NA,2,0,1,0,NA,NA,NA,NA,NA,9,13,9,0,60,0,60,20,1,19.98,20,1,1,1,1,1,1,1,0,NA,0,1,1,1,2.5,3,2,2,3,7,at,F,2,2,1,2,0,0,0,4,4,NA,32.5,22.5,0,22.5,3,NA,NA,NA,NA,NA,NA,NA,1,NA,NA,34.5,5,NA
44,1,24,17,9,7,1,1,0.81252,2.34,26,16,0.050388,180.43,5,42,10,82,46,23,22,44,47,1,1,3,10,22,13,16,13,8,18,35,29,3.6673,6.0422,4.5833,2.6337,3.7731,AT,1,17,7,3,17,2,years,,0,17?,17,7,years,24,14,,,NA,NA,NA,5,17,24,3,1,7,2,1,1,1,1,15,minutes,1330,4.5,hours,,1,1,270,minutes,30,minutes,2.5,hours,1,,3,inpatient-too long,no,4,,1,1,0,2,0,0,1,2,2,2,1,0.5,2,2,0,2,1,NA,2,0,0,17,7,6,7.2,2.4899799195977463,-13,20,13,14,16200,300,16200,16200,16200,16200,16200,2,8,8,8,8,8,8,0,1,0,2,8,7.142857142857143,13.142857142857142,18,16,16,24,50,at,F,1,1,1,1,2,3,5,3,5,17.5,262.85714285714283,170.85714285714286,184,-170.85714285714286,3,7,17,7.5,1.0714285714285714,17,7,0,3,NA,17,17,7,0
45,1,20,16,4,4,1,0.74135,0.70971,2.3404,22,25,0.013974,286.69,3,40,14,81,42,24,31,38,26,0,1,2,16,17,16,17,7,8,24,24,33,3.7135,7.5199,7.1612,3.3533,4.218,AT,1,16,4,3,16,0,years,1,2,16,16,4,years,19.5,NA,1,17,17,NA,NA,3.5,17,20,3,1,17,3,1,NA,2,NA,,,600,,,,1,1,0.5,minutes,30/60,minutes,,,2,,4,No,,4,slept it off,1,1,0,0,2,0,0,1,0,2,1,1,2,2,2,2,1,NA,2,0,0,16,4,8,6.6,3.5777087639996634,-4,15,8,4,43200,14400,30,32400,32400,32400,32400,8,9,1,9,9,9,9,1,NA,0,3,9,7.714285714285714,15.214285714285715,18,18,18,19,54,at,F,1,1,1,1,2,2,3,1,1,16,228.21428571428572,121.71428571428572,60.85714285714286,-60.85714285714286,4,4,16,18,4.5,16,3.5,0.5714285714285714,4,17,16,16,3,0
46,1,37,31,10,6,2,0.75261,0.65607,1.9913,31,31,0.10448,106.62,12,32,0,93,47,28,18,39,53,2,4,4,14,23,17,19,9,11,25,32,36,4.4849,7.916,9.2372,3.4198,5.741,AT,1,31,6,8,NA,NA,,,1,31,31,6,years,NA,NA,,,NA,NA,NA,1,37,37,8,1,31,1,,1,1,1,4 * 60 = 240,minutes,1930,,,,1,1,810,minutes,,,13.5,hours,7,,3,Never could see that,alienate self,5,"arms wouldn't live(?)
tongue cement(?)
dreams vivid
felt terrible",3,2,2,2,2,1,2,0,0,2,2,2,2,2,2,2,0,0,1,0,0,31,6,9,5.285714285714286,3.9880774697543058,-4,17,12,8,648000,7200,48600,86400,86400,48600,48600,6,13,10,10,10,10,10,1,1,0,9,13,9.857142857142858,25.357142857142858,29,20,20,30,69,at,M,1,1,2,1,2,4,4,7,7,25,431.07142857142856,304.2857142857143,202.85714285714286,-101.42857142857143,5,NA,NA,NA,NA,31,NA,NA,5,NA,31,31,0,0
48,1,20,17,1,3.92,1,1,0.79545,2.3878,19,28,0.011808,185.68,20,44,27,57,25,14,28,30,18,5,8,5,16,9,8,9,5,9,25,14,17,2.8134,6.8347,9.0263,2.7607,4.1518,AT,1,17,3,2,16,1,days,,0,,NA,NA,,NA,NA,,,NA,NA,NA,5,18,20,3,1,17,1,1,NA,2,NA,,,2300,,,,1,1,5,minutes,5,minutes,30,seconds,3,,2,,,5,,1,1,1,2,0,0,1,2,0,2,2,2,2,2,1,1,2,1,2,0,0,17,3.92,9,7,3.5355339059327378,-17,19,3,17,1296000,3600,300,3600,3600,3600,3600,5,14,2,5,5,5,5,1,NA,0,4,14,5.857142857142857,16.857142857142858,21,10,10,12,41,at,F,1,1,1,1,1,2,4,4,4,19,320.2857142857143,50.57142857142857,286.57142857142856,-286.57142857142856,4,4,16,75,18.75,NA,NA,NA,4,NA,NA,17,2,NA
49,1,20,14,1,6,2,0.91819,0.704,1.8692,28,51,0.0045717,190.81,14,35,16,66,42,24,26,15,22,3,5,4,12,15,14,16,5,4,16,20,30,4.1002,7.0521,8.0061,4.05,5.1734,AB,1,12,8,4,11,0,days,,50,14,14,6,years,20,3,,,NA,NA,NA,NA,NA,NA,NA,NA,10,3,,NA,2,NA,,,1100,,,,1,1,1,hours,,,,,0,,4,feels like forever,,2,no effects,1,NA,NA,NA,NA,NA,NA,NA,NA,NA,NA,NA,NA,NA,NA,NA,NA,NA,NA,NA,NA,14,6,7,4.857142857142857,3.0783421635988546,-5,11,2,2,259200,86400,3600,172800,172800,172800,172800,10,11,5,11,11,11,11,1,NA,0,1,11,10,16.5,26,22,22,27,70,ab/int,F,1,1,2,NA,NA,NA,NA,NA,NA,NA,181.5,33,33,-82.5,1,9,11,NA,NA,14,6,8.333333333333334,4,NA,14,12,NA,2
50,1,31,15,9,16,2,1,0.55,1.7637,9,195,0.0059644,305.62,0,7,0,75,42,32,28,47,42,0,0,0,14,18,17,14,7,5,19,25,31,6.268,12.26,17.131,7.3752,15.103,AT,2,15,16,5,14,5,days,,1,5 days ago,31,5,days,NA,NA,,,NA,NA,NA,1,31,31,6,1,31,2,,NA,2,NA,,,200,,,,1,1,0.083,minutes,,,,,0,2,NA,,,3,"threw up in ambulance
-> 4 times
monitor all night b/c of cocaine
3 bags of fluids",3,0,0,0,0,0,0,0,0,2,1,2,1,1,0,0,0,0,1,1,1,15,16,8,4.714285714285714,3.450327796711771,0,5,0,0,1800,600,4.98,5,5,4.9998000000000005,5,3,4,1,1,1,1,1,0,NA,0,0,4,1.7142857142857142,3.7142857142857144,8,2,2,3,12,at,F,2,1,2,1,0,0,0,0,0,7,18.571428571428573,0,0,0,4,17,14,2.5,0.14705882352941177,31,NA,NA,2,NA,31,15,0,16
52,1,43,NA,NA,NA,2,0.47143,0.60152,2.7887,13,21,0.045523,227.57,2,2,0,59,21,15,14,22,19,0,1,0,8,17,7,16,7,4,12,24,23,5.6207,6.2877,10.834,3.9015,5.5487,AT,2,NaN,NaN,NA,NA,NA,,,0,,NA,NA,,NA,NA,,,NA,NA,NA,1,43,43,7,2,43,2,,NA,2,NA,,,2330,,,,2,1,0.033,minutes,,,,,0,2,NA,,,3,,1,2,2,0,0,0,0,0,0,NA,2,2,1,NA,NA,0,0,NA,0,1,0,NA,NA,NA,NA,NA,0,NA,0,0,4.98,0,1.98,2,1,2,2,1,1,1,1,1,1,1,0,NA,0,0,1,1,1.5,3,2,2,3,7,at,M,2,2,2,2,0,0,0,4,4,NA,NA,0,0,0,5,NA,NA,NA,NA,NA,NA,NA,3,NA,NA,NaN,0,NA
55,1,28,28.18,3,0.06,1,1,0.66338,4.4926,6,0,0.041431,238.58,17,39,15,67,36,14,33,17,27,5,5,5,12,10,16,13,8,8,20,18,29,4.4906,7.1952,6.4729,3.652,3.6348,INT,1,28,0,3,NA,NA,,2,2,,NA,NA,,NA,NA,,,NA,NA,NA,NA,NA,NA,NA,NA,28,1,,NA,2,NA,,,300,,,,1,1,5,minutes,5,minutes,,,NA,2,3,couldn't really see,,3,,NA,NA,NA,NA,NA,NA,NA,NA,NA,NA,NA,NA,NA,NA,NA,NA,NA,NA,NA,NA,NA,28.18,0.06,6,5.75,2.5,-21,22,17,21,2419200,3600,300,2099.88,2100,1512000,2100,5,14,2,5,14,5,5,1,NA,0,1,14,7.142857142857143,15.142857142857142,21,10,19,12,50,ab/int,M,1,1,1,NA,NA,NA,NA,NA,NA,NA,333.1428571428571,257.42857142857144,318,-318,2,NA,NA,NA,NA,NA,NA,NA,3,NA,NA,28,NA,NA
56,1,20,20,2,0.04,1,0.98718,0.65086,2.77,36,2,0.027337,250.1,10,35,13,74,33,20,26,40,29,2,3,3,14,14,15,15,8,8,22,22,30,8.3245,15.183,12.234,6.0459,8.6942,AB,1,20,0,NA,NA,0,years,,2,in last couple weeks,20,14,days,NA,NA,,,NA,NA,NA,NA,NA,NA,NA,NA,20,1,,NA,2,NA,,,NA,,,"After see gf -> then I'm going to do it
Feb 9th supposed to see her",2,1,4,days,,,,,0,,2,,,3,,NA,NA,NA,NA,NA,NA,NA,NA,NA,NA,NA,NA,NA,NA,NA,NA,NA,NA,NA,NA,NA,20,0.04,5,4.125,2.322893310794392,0,14,6,4,1209600,NA,345600,518400,NA,518400,NA,NA,13,12,12,12,NA,NA,1,NA,0,1,NA,12.25,13.25,NA,NA,NA,NA,NA,ab/int,M,1,2,1,NA,NA,NA,NA,NA,NA,NA,185.5,79.5,53,0,2,NA,NA,NA,NA,20,NA,NA,3,NA,20,20,NA,0
57,1,46,46.77,1,0.05,1,0.70132,0.68529,1.3972,23,150,0.012984,304.32,4,21,0,83,28,28,20,32,29,1,2,1,14,23,16,13,8,9,23,31,29,4.9924,7.6806,17.242,1.9132,5.1773,AT,1,46,0,3,NA,NA,,,0,,NA,NA,,NA,NA,,,NA,NA,NA,1,46,46,10,1,46,2,?,1,2,NA,,,2200,24,hours,,1,1,1440,minutes,2,minutes,,,9,1,4,,,5,"unconscious 36 hrs
intubated
vomit - asphyxiation
 -> in bed
piss",4,2,2,1,2,2,1.5,2,2,2,2,2,2,2,0,2,0,NA,1,0,0,46.77,0.05,9,6,3.5777087639996634,-15,17,0,10,1296000,259200,86400,172800,172800,172800,172800,11,14,10,11,11,11,11,0,1,1,11,14,11.285714285714286,29.285714285714285,35,22,22,32,79,at,M,1,1,1,1,2,3.5,5.5,7,9,26.5,497.85714285714283,0,292.85714285714283,-439.2857142857143,5,NA,NA,NA,NA,NA,NA,NA,1,NA,NA,46,0,NA
59,1,24,10,10,14,2,0.99004,0.91191,3.0959,22,5,0.0060195,217.22,7,27,16,67,24,21,28,38,31,1,3,3,12,14,13,9,9,10,22,23,22,8.1145,18.803,15.145,7.8964,9.5784,AT,1,10,14,7,NA,NA,,,0,,NA,NA,,NA,NA,1,last week,24,NA,NA,2,10,24,14,1,24,2,1,NA,2,NA,,,2200,,,"if bf leaves me one day, I will kill myself",1,1,0.5,minutes,,,,,0,,1,,,5,naseaus,2,0,0,0,0,0,0,0,0,1,2,2,2,2,0,0,NA,1,1,0,0,10,14,10,3.3333333333333335,5.163977794943222,0,18,16,8,450,450,30,450,450,450,450,3,3,1,3,3,3,3,0,NA,0,0,3,2.7142857142857144,4.214285714285714,7,6,6,7,19,at,F,1,1,2,1,0,0,0,0,0,9,75.85714285714286,67.42857142857143,33.714285714285715,0,4,NA,NA,NA,NA,NA,NA,NA,4,24,NA,10,14,NA
60,1,46,16,4,30,1,1,0.61105,3.6154,7,8,0.0059599,176.21,5,20,0,76,42,32,31,35,32,2,0,3,10,16,21,11,10,8,18,26,32,4.1874,11.19,7.2321,2.9999,4.6437,AB,1,16,30,16,NA,NA,,,3,44,44,2,years,46,14,,,NA,NA,NA,NA,NA,NA,NA,NA,46,1,1,NA,2,NA,,,2100,,,,1,2,NaN,,,,,,1,,2,,,NA,,NA,NA,NA,NA,NA,NA,NA,NA,NA,NA,NA,NA,NA,NA,NA,NA,NA,NA,NA,NA,NA,16,30,5.9,7.3428571428571425,2.0345819741469766,-4,9.5,0,4,172800,172800,NaN,5400,NA,5400,NA,11,11,NA,6,6,NA,NA,1,NA,0,2,NA,8.5,10.5,NA,NA,NA,NA,NA,ab/int,M,1,1,1,NA,NA,NA,NA,NA,NA,NA,99.75,0,42,-42,NA,NA,NA,NA,NA,44,2,1.5,NA,NA,44,16,NA,28
61,1,21,8,5,13,2,0.76781,0.63324,1.2362,23,175,0.2493,407.26,20,53,31,78,40,23,25,35,27,5,8,5,11,16,23,14,9,4,15,25,37,4.4153,7.8664,8.4005,3.9769,5.365,AT,1,8.5,12.5,2,12,17,days,,5,15,15,6,years,21,17,2,17,17,19,NA,37.5,13,21,2,1,16,2,2,NA,2,NA,,,2100,,,,2,1,2,minutes,,,,,0,,4,"yeah but he thinks he'll never get better
 -> sometimes he feels like better",,5,"throw up
 -> in(?) shelter
headache, dizziness, upset stomach, couldn't stand up, 2 days after felt better
16 -> 10 sleepings
6 for nightmares",3,1,0,0,2,0,0,0,0,2,2,1,2,2,1,0,2,NA,2,0,0,8,13,5,7.833333333333333,1.9407902170679516,-8,11,4,4,62208000,0,120,299.88,300,300,300,1,1,2,2,2,2,2,0,NA,0,0,2,1.7142857142857142,2.7142857142857144,4,4,4,6,12,at,M,1,2,2,1,0,0,0,1,1,13,29.857142857142858,10.857142857142858,10.857142857142858,-21.714285714285715,4,9,12,18,2,15,6,0.8333333333333334,5,17,13,8.5,8,4.5
62,1,25,15,1,10,1,0.99375,0.95293,3.5204,17,2,0.0010032,251.51,12,30,27,69,30,23,28,30,35,2,4,5,17,11,15,10,9,7,24,20,25,6.1703,10.236,14.072,3.7508,5.3516,AT,1,15,10,0,NA,NA,,,1,25,25,0,years,NA,NA,,,NA,NA,NA,2,25,25,5,1,25,1,,NA,1,1,10,minutes,1500,,,,2,1,300,minutes,300,minutes,5/60,hours,1,,4,not going to feel better,,5,"dizziness
light headed -> 1 min",2,2,2,2,2,0,1,0,0,2,2,2,2,2,2,2,1,1,1,0,0,15,10,7,3,2.756809750418044,3,10,5,0,6480000,0,18000,18000,5184000,18000,5184000,1,15,8,8,8,15,15,1,NA,0,2,15,10,19.5,24,23,23,38,70,at,M,1,2,1,1,2,3,3,6,6,23,195,97.5,0,58.5,4,NA,NA,NA,NA,25,NA,NA,3,NA,25,15,0,10
63,1,18,18.25,1,0.25,1,0.75386,0.63101,1.0981,44,92,0.028559,1161.8,13,42,21,70,44,24,24,39,49,4,4,3,8,16,16,14,10,6,14,26,30,3.9316,5.8178,7.1492000000000004,3.7817,5.3751,AT,1,18,0,4,18,NA,,,0,,NA,NA,,NA,NA,,,NA,NA,NA,1,18,18,5,1,18,2,2,NA,2,NA,,,130,8,hours,,1,1,5,minutes,5,minutes,,,3,Unrelated,NA,"been depressed 5 mo
 -> doesn't feel",,5,"no stitches
keeps opening 5 days later still opening
still bleeding when woke up",2,2,2,0,2,0,1,2,0,2,2,2,2,2,0,2,2,2,1,0,1,18.25,0.25,8,3.75,3.593976442141304,2,9,4,0,3888000,604800,300,28800,28800,28800,28800,12,15,2,9,9,9,9,0,NA,0,3,15,9.285714285714286,19.785714285714285,29,18,18,20,65,at,M,1,1,1,1,2,3,5,4,4,21,178.07142857142856,79.14285714285714,0,39.57142857142857,5,0,18,1,NA,NA,NA,NA,5,NA,NA,18,0,NA
64,1,26,25.15,3,1.16,1,0.96155,0.68085,2.778,29,4,0.004303,209.22,20,59,29,49,34,16,24,13,15,5,8,5,8,10,8,10,6,6,14,16,18,2.5331,3.489,5.9062,3.1065,3.5941,AT,1,25,1,1,9,14,days,,0,26,26,0,years,NA,NA,,,NA,NA,NA,1,25,25,8,1,25,1,1,NA,2,NA,,,900,,,,1,1,10,minutes,,,3,seconds,1,,4,kept getting worse,,5,"threw up -> at hospital
Mt Auburn
headache
dizziness
feel sedated still
low blood pressure related to taking pills",3,2,2,0,0,1,1,0,1,2,2,0,1,2,0,1,0,1,1,0,0,25.15,1.16,9,4.333333333333333,3.723797345005051,0,10,6,2,5184000,900,600,600.0120000000001,600,600,600,3,15,3,3,3,3,3,1,NA,0,2,15,4.714285714285714,14.214285714285715,21,6,6,9,33,at,F,1,1,1,1,1,2,2,5,6,15,142.14285714285717,85.28571428571429,28.42857142857143,0,5,17,9,18,1.0588235294117647,26,NA,NA,4,NA,25,25,0,0
65,1,18,16.5,5,2.19,1,1,0.89196,3.4183,6,12,0.025279,240.36,6,14,0,79,38,25,25,37,45,1,0,4,14,16,17,16,8,8,22,24,33,3.6742,5.5548,3.0386,2.5466,3.2558,AT,1,17,1,NA,NA,NA,,1,0,,NA,NA,,NA,NA,,,NA,NA,NA,1,18,18,7,1,15.5,1,,NA,2,NA,,,1130,,,,1,1,30,minutes,30,minutes,5,seconds,1,1,1,didn't,,4,"attached to machines
gave charcoal
3 nights in hospital
potassium
sick stomach
tired
confused
don't remember all of ambulance ride",4,2,2,0,0,0,1,0,2,1,2,1,2,2,1,0,0,0,1,2,0,16.5,2.19,4,5.166666666666667,1.6020819787597222,2,18,12,7,3888000,90,1800,1800,1800,3888000,3888000,2,15,4,4,15,4,15,1,NA,1,3,15,8.428571428571429,18.92857142857143,21,8,30,23,59,at,F,1,1,1,1,0,1,1,4,6,16,340.7142857142858,227.14285714285717,132.5,37.85714285714286,3,NA,NA,NA,NA,NA,NA,NA,3,NA,NA,17,0,NA
66,1,42,8,3,34.42,1,1,0.89578,2.4019,17,30,0.041094,298.58,13,29,27,76,36,24,34,34,36,5,1,5,14,15,18,11,8,10,24,23,29,3.9433,9.1043,9.5511,3.5512,5.8348,AT,1,8,34,5,NA,NA,,,0,,NA,NA,,NA,NA,,,NA,NA,NA,1,42,42,5,1,24,1,?,NA,2,NA,,,2100,,,,2,1,120,minutes,120,minutes,2,hours,6,Both,2,"Yes -> at some point - should
      -> Shortly after dad died
          relieved when he died
          Jan 2013
          got worse",yes -> didn't think I can't cope,5,"hospital -> ICU for 3 days
confused
     memory problems
     focus eyes -> double vision
gout
pneumonia",4.5,2,2,0,2,2,1,2,0,2,2,2,2,2,0,1,2,1,1,NA,0,8,34.42,9,4.545454545454546,3.236159339823562,-11,17,2,8,7200,0,7200,7200,7200,7200,7200,1,6,6,6,6,6,6,1,NA,1,8,6,5.285714285714286,16.285714285714285,13,12,12,18,37,at,M,1,2,1,1,1,2,4,6,6,22,276.85714285714283,32.57142857142857,130.28571428571428,-179.14285714285714,4,NA,NA,NA,NA,NA,NA,NA,4,NA,NA,8,0,NA
68,1,23,13,9.5,10,1,1,0.76571,3.0126,17,7,0.030658,340.51,19,34,30,74,30,21,25,37,35,4,8,5,13,14,17,10,12,7,20,26,27,3.7257,6.217,6.7788,3.458,4.0877,AT,1,13,10,7,NA,NA,,,2,19,19,4,years,23,107,,,NA,NA,NA,1,23,23,3,1,23,1,,1,2,NA,,,100,2 * 7 * 24 = 336,hours,,2,NA,NA,,2 * 7 *24*60,minutes,8,hours,1,1,NA,No,,5,"dizzy
very tired
some amnesia from right after
90-2 mg pills ordered
10 pills took (guess)",3,1,0,0,2,0,2,0,0,2,2,2,2,2,NA,2,2,2,1,2,0,13,10,9,4.45,4.186287137786896,0,8,2,2,49766400,0,NA,2592000,1209600,28800,28800,1,1,NA,14,9,13,9,1,1,1,4,NA,7.833333333333333,11.833333333333332,NA,27,18,NA,NA,at,M,1,2,1,1,2,4,4,1,1,NA,94.66666666666666,23.666666666666664,23.666666666666664,0,4,NA,NA,NA,NA,19,4,0.5,3,NA,19,13,0,6
